{
  "test_set_performance": {
    "true_positive_rate": 1.0,
    "true_negative_rate": 0.8181818181818182,
    "balanced_accuracy": 0.9090909090909092,
    "total_predictions": 46,
    "correct_predictions": 40,
    "accuracy": 0.8695652173913043
  }
}